numero_de_players,count,mean,std,min,25%,50%,75%,max
2,352.0,14.803977272727273,10.388942515308118,1.0,7.0,12.0,20.0,68.0
3,296.0,21.04391891891892,14.585624342871638,4.0,10.0,18.0,27.0,100.0
4,125.0,23.984,13.906359649803303,7.0,13.0,21.0,30.0,68.0
5,234.0,30.52991452991453,16.929833813538657,7.0,18.0,26.0,39.0,98.0
6,534.0,38.18913857677903,19.685896371628445,8.0,23.25,34.0,49.0,105.0
7,620.0,44.61290322580645,19.835148416909558,8.0,29.75,41.0,56.0,106.0
8,1451.0,50.23501033769814,21.517224238924708,11.0,33.0,47.0,64.5,108.0
9,557.0,55.45421903052065,22.15470793728664,13.0,38.0,53.0,71.0,109.0
